{
  "version": "2.1.23.1023",
  "patientInfo": {
    "Id": 1,
    "Uuid": "ac1d5d55-b3f9-44e6-9d75-19541ccf173b",
    "Name": "antar",
    "Sex": 0,
    "Birthday": "20170501",
    "PhoneNumber": "",
    "Address": "",
    "Email": "",
    "Note": "",
    "CreatedAt": "2025-05-24T18:15:52.4695832",
    "LastVisitedAt": "2025-05-24T18:23:33.4409483"
  },
  "patientTreatCaseInfo": {
    "Id": 1,
    "Uuid": "134b186e-b32d-41e0-bd06-39cf4a6ab61f",
    "PatientId": 1,
    "Device": "3ds",
    "DignoseDate": "2025-05-24T18:16:14",
    "WorkspacePath": "C:\\ProgramData\\3dscanner\\workspace\\antar_2025_05_24_18_16_14",
    "OutputDataPath": "C:\\ProgramData\\3dscanner\\data\\antar_2025_05_24_18_16_14",
    "PreparationType": 0,
    "RemovableOrtho": 0,
    "ToothInfoType": 0,
    "ToothSystemId": 1,
    "IsWorkspaceCleaned": 0,
    "Comments": "",
    "Doctor": "dr belhimer",
    "Technician": "",
    "CaseToothChartFilePath": "C:\\ProgramData\\3dscanner\\data\\antar_2025_05_24_18_16_14\\toothChartScreenShot.png",
    "HealthReportDiagnosisChartFilePath": "C:\\ProgramData\\3dscanner\\data\\antar_2025_05_24_18_16_14\\HRDiagnosisChartScreenShot.png",
    "WebviewCaseId": "134b186e"
  },
  "toothCaseInfo": [],
  "toothSystemInfo": [
    {
      "Id": 1,
      "PatientTrateCaseId": 1,
      "ToothSystemId": 1
    }
  ],
  "treatCase3DsInfo": {
    "case_id": "1",
    "case_work_scanner_sn": "RS7441",
    "scanner_type": "b1"
  }
}